ml_product_id;description;human_answer;ai_answer;model;similarity;id;question
MLB40213468;"Câmera com IA e vídeos em 4K: Tire fotos mesmo em ambientes com pouca luz usando a câmera de 50 MP com IA do novo celular moto g35 5G.
Você também pode gravar vídeos supernítidos em 4K e tirar selfies de milhões com a câmera frontal de 16 MP.


Definição e detalhes a qualquer hora do dia: Todo mundo pode ficar bem na foto. Com a câmera de 50 MP com IA e tecnologia Quad Pixel desse smartphone,
seus cliques saem lindos e cheios de detalhes.

Único da categoria Gravações em 4K: Grave vídeos supernítidos em 4K com esse celular Motorola. Com 4x mais resolução do que os vídeos em 1080p, eles ficam perfeitos para telas grandes.

Enquadre mais na imagem: Com a lente ultra-wide do moto g35, nenhum detalhe fica de fora. Ela captura exatamente o que seus olhos veem, enquadrando 4x mais.

A noite é sua: Mude para o modo Night Vision em ambientes com pouquíssima luz para revelar mais detalhes no escuro.

Maior tela inteligente com superbrilho da categoria: Dê um up no seu entretenimento com a maior tela inteligente da categoria, com superbrilho e IA, que otimiza o consumo de bateria com base no conteúdo em exibição.
1000 Nits em uma Tela de 6,7 '''' com 120 Hz² de Taxa de atualização, Resolução Full HD+ e proteção Corning® Gorilla® Glass 3.

*Exclusivo Motorola:
Imagens vibrantes com Color Boost!
O Color Boost ajusta as cores da tela de acordo com a iluminação do ambiente, melhorando a visibilidade da tela e a qualidade das cores. As áreas escuras se tornam mais claras, enquanto as cores ficam mais vibrantes.
Está com a mão molhada e precisa usar o telefone? Não se preocupe.
Com a tecnologia Smart Water Touch, a tela do celular responde ao toque ou gesto de deslizar mesmo se estiver com um pouco de água. Assim, você não passa perrengue enquanto cuida da playlist da festa na
piscina ou chama uma corrida de aplicativo na chuva.

Inteligência que turbina a performance: Aproveite seu smartphone Motorola ao máximo: faça videochamadas imersivas e experimente a velocidade 5G ultraveloz, baixando temporadas inteiras da sua série favorita
em questão de segundos. E com a inteligência artificial da Motorola, você garante um verdadeiro turbo nos seus aplicativos sempre que necessário, graças à RAM Boost Inteligente.

Bateria que dura mais de um dia: Com a superbateria de 5000 mAh desse celular, você pode curtir sua playlist por muito mais tempo, passar horas em videochamadas com os amigos e maratonar
suas séries favoritas até o último episódio.

Curadoria PANTONE: Design e acabamento incríveis!
Leve e ultrafino, o celular moto g35 pode ser usado confortavelmente com uma mão só. Escolha entre as cores grafite, com acabamento fosco, ou verde, em vegan leather, para muito mais estilo no seu dia a dia.

Sistema Operacional: Android
Memória RAM: 12GB (4GB RAM+8GB Ram Boost)
Armazenamento Total: 128 GB
Processador: Unisoc T760 (2,2 GHz Octa-Core) |Mali-G57
Tela de 6,7'''' FHD+ (1080 x 2400) | IPS | 120 Hz |1000 Nits
Bateria: 5000 mAh
Carregador: TurboPower 20W
Sensores: Acelerômetro, Proximidade, Luz Ambiente, Giroscópio, Bússola, Desbloqueio Facial e Impressão Digital na Lateral.
Peso: 188,2g
Altura (mm): 166,29
Largura (mm): 75,98
Profundidade (mm): 7,79
Entrada P2 Fone de Ouvido
Câmera Principal: 50 MP
Câmera Ultra-wide: 8 MP
Zoom Digital: 6x
Flash: Sim - LED
Recurso de Câmera: Night Vision | Câmera Lenta
Câmera Frontal: 16 MPCaptura de vídeo: Full HD (30 fps)
Conectividade: 5G
NFC
Entradas: Nano SIM (4FF), e-SIM / Entrada 1: Chip 1 / Entrada 2: SD Card
Wi-fi: 802.11 a/b/g/n/ac | 2,4 GHz e 5 GHz
Bluetooth 5.0
Serviços de Localização: GPS; Glonass; GALILEO; QZSS
Certificado de homologação Anatel: 071042400330

Conteúdo da Caixa: 01 Telefone, 01Manual, 01 Cabo USB-A / USB-C, 01 Carregador Turbo Power 20W e 01 Ferramenta de remoção do chip.
";A camera tem 50 megapixels;Yes, the camera on the moto g35 has 50MP resolution.</s>;TinyLlama;0.19354838709677424;1;Quantos Megapixel tem a camera?
MLB40213468;"Câmera com IA e vídeos em 4K: Tire fotos mesmo em ambientes com pouca luz usando a câmera de 50 MP com IA do novo celular moto g35 5G.
Você também pode gravar vídeos supernítidos em 4K e tirar selfies de milhões com a câmera frontal de 16 MP.


Definição e detalhes a qualquer hora do dia: Todo mundo pode ficar bem na foto. Com a câmera de 50 MP com IA e tecnologia Quad Pixel desse smartphone,
seus cliques saem lindos e cheios de detalhes.

Único da categoria Gravações em 4K: Grave vídeos supernítidos em 4K com esse celular Motorola. Com 4x mais resolução do que os vídeos em 1080p, eles ficam perfeitos para telas grandes.

Enquadre mais na imagem: Com a lente ultra-wide do moto g35, nenhum detalhe fica de fora. Ela captura exatamente o que seus olhos veem, enquadrando 4x mais.

A noite é sua: Mude para o modo Night Vision em ambientes com pouquíssima luz para revelar mais detalhes no escuro.

Maior tela inteligente com superbrilho da categoria: Dê um up no seu entretenimento com a maior tela inteligente da categoria, com superbrilho e IA, que otimiza o consumo de bateria com base no conteúdo em exibição.
1000 Nits em uma Tela de 6,7 '''' com 120 Hz² de Taxa de atualização, Resolução Full HD+ e proteção Corning® Gorilla® Glass 3.

*Exclusivo Motorola:
Imagens vibrantes com Color Boost!
O Color Boost ajusta as cores da tela de acordo com a iluminação do ambiente, melhorando a visibilidade da tela e a qualidade das cores. As áreas escuras se tornam mais claras, enquanto as cores ficam mais vibrantes.
Está com a mão molhada e precisa usar o telefone? Não se preocupe.
Com a tecnologia Smart Water Touch, a tela do celular responde ao toque ou gesto de deslizar mesmo se estiver com um pouco de água. Assim, você não passa perrengue enquanto cuida da playlist da festa na
piscina ou chama uma corrida de aplicativo na chuva.

Inteligência que turbina a performance: Aproveite seu smartphone Motorola ao máximo: faça videochamadas imersivas e experimente a velocidade 5G ultraveloz, baixando temporadas inteiras da sua série favorita
em questão de segundos. E com a inteligência artificial da Motorola, você garante um verdadeiro turbo nos seus aplicativos sempre que necessário, graças à RAM Boost Inteligente.

Bateria que dura mais de um dia: Com a superbateria de 5000 mAh desse celular, você pode curtir sua playlist por muito mais tempo, passar horas em videochamadas com os amigos e maratonar
suas séries favoritas até o último episódio.

Curadoria PANTONE: Design e acabamento incríveis!
Leve e ultrafino, o celular moto g35 pode ser usado confortavelmente com uma mão só. Escolha entre as cores grafite, com acabamento fosco, ou verde, em vegan leather, para muito mais estilo no seu dia a dia.

Sistema Operacional: Android
Memória RAM: 12GB (4GB RAM+8GB Ram Boost)
Armazenamento Total: 128 GB
Processador: Unisoc T760 (2,2 GHz Octa-Core) |Mali-G57
Tela de 6,7'''' FHD+ (1080 x 2400) | IPS | 120 Hz |1000 Nits
Bateria: 5000 mAh
Carregador: TurboPower 20W
Sensores: Acelerômetro, Proximidade, Luz Ambiente, Giroscópio, Bússola, Desbloqueio Facial e Impressão Digital na Lateral.
Peso: 188,2g
Altura (mm): 166,29
Largura (mm): 75,98
Profundidade (mm): 7,79
Entrada P2 Fone de Ouvido
Câmera Principal: 50 MP
Câmera Ultra-wide: 8 MP
Zoom Digital: 6x
Flash: Sim - LED
Recurso de Câmera: Night Vision | Câmera Lenta
Câmera Frontal: 16 MPCaptura de vídeo: Full HD (30 fps)
Conectividade: 5G
NFC
Entradas: Nano SIM (4FF), e-SIM / Entrada 1: Chip 1 / Entrada 2: SD Card
Wi-fi: 802.11 a/b/g/n/ac | 2,4 GHz e 5 GHz
Bluetooth 5.0
Serviços de Localização: GPS; Glonass; GALILEO; QZSS
Certificado de homologação Anatel: 071042400330

Conteúdo da Caixa: 01 Telefone, 01Manual, 01 Cabo USB-A / USB-C, 01 Carregador Turbo Power 20W e 01 Ferramenta de remoção do chip.
";A camera tem 50 megapixels;According to the specifications, the camera on the motorola moto g35 has a 50 megapixel main camera and an ultra-wide angle camera with 8 megapixels.</s>;TinyLlama-1.1B-Chat-v1.0-Q4_K_M.gguf;0.19354838709677424;2;Quantos Megapixel tem a camera?
MLB40213468;"Câmera com IA e vídeos em 4K: Tire fotos mesmo em ambientes com pouca luz usando a câmera de 50 MP com IA do novo celular moto g35 5G.
Você também pode gravar vídeos supernítidos em 4K e tirar selfies de milhões com a câmera frontal de 16 MP.


Definição e detalhes a qualquer hora do dia: Todo mundo pode ficar bem na foto. Com a câmera de 50 MP com IA e tecnologia Quad Pixel desse smartphone,
seus cliques saem lindos e cheios de detalhes.

Único da categoria Gravações em 4K: Grave vídeos supernítidos em 4K com esse celular Motorola. Com 4x mais resolução do que os vídeos em 1080p, eles ficam perfeitos para telas grandes.

Enquadre mais na imagem: Com a lente ultra-wide do moto g35, nenhum detalhe fica de fora. Ela captura exatamente o que seus olhos veem, enquadrando 4x mais.

A noite é sua: Mude para o modo Night Vision em ambientes com pouquíssima luz para revelar mais detalhes no escuro.

Maior tela inteligente com superbrilho da categoria: Dê um up no seu entretenimento com a maior tela inteligente da categoria, com superbrilho e IA, que otimiza o consumo de bateria com base no conteúdo em exibição.
1000 Nits em uma Tela de 6,7 '''' com 120 Hz² de Taxa de atualização, Resolução Full HD+ e proteção Corning® Gorilla® Glass 3.

*Exclusivo Motorola:
Imagens vibrantes com Color Boost!
O Color Boost ajusta as cores da tela de acordo com a iluminação do ambiente, melhorando a visibilidade da tela e a qualidade das cores. As áreas escuras se tornam mais claras, enquanto as cores ficam mais vibrantes.
Está com a mão molhada e precisa usar o telefone? Não se preocupe.
Com a tecnologia Smart Water Touch, a tela do celular responde ao toque ou gesto de deslizar mesmo se estiver com um pouco de água. Assim, você não passa perrengue enquanto cuida da playlist da festa na
piscina ou chama uma corrida de aplicativo na chuva.

Inteligência que turbina a performance: Aproveite seu smartphone Motorola ao máximo: faça videochamadas imersivas e experimente a velocidade 5G ultraveloz, baixando temporadas inteiras da sua série favorita
em questão de segundos. E com a inteligência artificial da Motorola, você garante um verdadeiro turbo nos seus aplicativos sempre que necessário, graças à RAM Boost Inteligente.

Bateria que dura mais de um dia: Com a superbateria de 5000 mAh desse celular, você pode curtir sua playlist por muito mais tempo, passar horas em videochamadas com os amigos e maratonar
suas séries favoritas até o último episódio.

Curadoria PANTONE: Design e acabamento incríveis!
Leve e ultrafino, o celular moto g35 pode ser usado confortavelmente com uma mão só. Escolha entre as cores grafite, com acabamento fosco, ou verde, em vegan leather, para muito mais estilo no seu dia a dia.

Sistema Operacional: Android
Memória RAM: 12GB (4GB RAM+8GB Ram Boost)
Armazenamento Total: 128 GB
Processador: Unisoc T760 (2,2 GHz Octa-Core) |Mali-G57
Tela de 6,7'''' FHD+ (1080 x 2400) | IPS | 120 Hz |1000 Nits
Bateria: 5000 mAh
Carregador: TurboPower 20W
Sensores: Acelerômetro, Proximidade, Luz Ambiente, Giroscópio, Bússola, Desbloqueio Facial e Impressão Digital na Lateral.
Peso: 188,2g
Altura (mm): 166,29
Largura (mm): 75,98
Profundidade (mm): 7,79
Entrada P2 Fone de Ouvido
Câmera Principal: 50 MP
Câmera Ultra-wide: 8 MP
Zoom Digital: 6x
Flash: Sim - LED
Recurso de Câmera: Night Vision | Câmera Lenta
Câmera Frontal: 16 MPCaptura de vídeo: Full HD (30 fps)
Conectividade: 5G
NFC
Entradas: Nano SIM (4FF), e-SIM / Entrada 1: Chip 1 / Entrada 2: SD Card
Wi-fi: 802.11 a/b/g/n/ac | 2,4 GHz e 5 GHz
Bluetooth 5.0
Serviços de Localização: GPS; Glonass; GALILEO; QZSS
Certificado de homologação Anatel: 071042400330

Conteúdo da Caixa: 01 Telefone, 01Manual, 01 Cabo USB-A / USB-C, 01 Carregador Turbo Power 20W e 01 Ferramenta de remoção do chip.
";A camera tem 50 megapixels;Yes, the camera on this smartphone has a 50 MP rear camera and an additional 8 MP front-facing camera. The resolution of the front-facing camera is 16 Megapixels.</s>;TinyLlama-1.1B-Chat-v1.0-Q4_K_M.gguf;0.19354838709677424;3;Quantos Megapixel tem a camera?
MLB40213468;"Câmera com IA e vídeos em 4K: Tire fotos mesmo em ambientes com pouca luz usando a câmera de 50 MP com IA do novo celular moto g35 5G.
Você também pode gravar vídeos supernítidos em 4K e tirar selfies de milhões com a câmera frontal de 16 MP.


Definição e detalhes a qualquer hora do dia: Todo mundo pode ficar bem na foto. Com a câmera de 50 MP com IA e tecnologia Quad Pixel desse smartphone,
seus cliques saem lindos e cheios de detalhes.

Único da categoria Gravações em 4K: Grave vídeos supernítidos em 4K com esse celular Motorola. Com 4x mais resolução do que os vídeos em 1080p, eles ficam perfeitos para telas grandes.

Enquadre mais na imagem: Com a lente ultra-wide do moto g35, nenhum detalhe fica de fora. Ela captura exatamente o que seus olhos veem, enquadrando 4x mais.

A noite é sua: Mude para o modo Night Vision em ambientes com pouquíssima luz para revelar mais detalhes no escuro.

Maior tela inteligente com superbrilho da categoria: Dê um up no seu entretenimento com a maior tela inteligente da categoria, com superbrilho e IA, que otimiza o consumo de bateria com base no conteúdo em exibição.
1000 Nits em uma Tela de 6,7 '''' com 120 Hz² de Taxa de atualização, Resolução Full HD+ e proteção Corning® Gorilla® Glass 3.

*Exclusivo Motorola:
Imagens vibrantes com Color Boost!
O Color Boost ajusta as cores da tela de acordo com a iluminação do ambiente, melhorando a visibilidade da tela e a qualidade das cores. As áreas escuras se tornam mais claras, enquanto as cores ficam mais vibrantes.
Está com a mão molhada e precisa usar o telefone? Não se preocupe.
Com a tecnologia Smart Water Touch, a tela do celular responde ao toque ou gesto de deslizar mesmo se estiver com um pouco de água. Assim, você não passa perrengue enquanto cuida da playlist da festa na
piscina ou chama uma corrida de aplicativo na chuva.

Inteligência que turbina a performance: Aproveite seu smartphone Motorola ao máximo: faça videochamadas imersivas e experimente a velocidade 5G ultraveloz, baixando temporadas inteiras da sua série favorita
em questão de segundos. E com a inteligência artificial da Motorola, você garante um verdadeiro turbo nos seus aplicativos sempre que necessário, graças à RAM Boost Inteligente.

Bateria que dura mais de um dia: Com a superbateria de 5000 mAh desse celular, você pode curtir sua playlist por muito mais tempo, passar horas em videochamadas com os amigos e maratonar
suas séries favoritas até o último episódio.

Curadoria PANTONE: Design e acabamento incríveis!
Leve e ultrafino, o celular moto g35 pode ser usado confortavelmente com uma mão só. Escolha entre as cores grafite, com acabamento fosco, ou verde, em vegan leather, para muito mais estilo no seu dia a dia.

Sistema Operacional: Android
Memória RAM: 12GB (4GB RAM+8GB Ram Boost)
Armazenamento Total: 128 GB
Processador: Unisoc T760 (2,2 GHz Octa-Core) |Mali-G57
Tela de 6,7'''' FHD+ (1080 x 2400) | IPS | 120 Hz |1000 Nits
Bateria: 5000 mAh
Carregador: TurboPower 20W
Sensores: Acelerômetro, Proximidade, Luz Ambiente, Giroscópio, Bússola, Desbloqueio Facial e Impressão Digital na Lateral.
Peso: 188,2g
Altura (mm): 166,29
Largura (mm): 75,98
Profundidade (mm): 7,79
Entrada P2 Fone de Ouvido
Câmera Principal: 50 MP
Câmera Ultra-wide: 8 MP
Zoom Digital: 6x
Flash: Sim - LED
Recurso de Câmera: Night Vision | Câmera Lenta
Câmera Frontal: 16 MPCaptura de vídeo: Full HD (30 fps)
Conectividade: 5G
NFC
Entradas: Nano SIM (4FF), e-SIM / Entrada 1: Chip 1 / Entrada 2: SD Card
Wi-fi: 802.11 a/b/g/n/ac | 2,4 GHz e 5 GHz
Bluetooth 5.0
Serviços de Localização: GPS; Glonass; GALILEO; QZSS
Certificado de homologação Anatel: 071042400330

Conteúdo da Caixa: 01 Telefone, 01Manual, 01 Cabo USB-A / USB-C, 01 Carregador Turbo Power 20W e 01 Ferramenta de remoção do chip.
";A camera tem 50 megapixels;Yes, the camera of Motorola G35 has 50 MP resolution with 120-HZ Superbright technology.</s>;TinyLlama-1.1B-Chat-v1.0-Q4_K_M.gguf;0.19354838709677424;4;Quantos Megapixel tem a camera?
MLB40213468;"Câmera com IA e vídeos em 4K: Tire fotos mesmo em ambientes com pouca luz usando a câmera de 50 MP com IA do novo celular moto g35 5G.
Você também pode gravar vídeos supernítidos em 4K e tirar selfies de milhões com a câmera frontal de 16 MP.


Definição e detalhes a qualquer hora do dia: Todo mundo pode ficar bem na foto. Com a câmera de 50 MP com IA e tecnologia Quad Pixel desse smartphone,
seus cliques saem lindos e cheios de detalhes.

Único da categoria Gravações em 4K: Grave vídeos supernítidos em 4K com esse celular Motorola. Com 4x mais resolução do que os vídeos em 1080p, eles ficam perfeitos para telas grandes.

Enquadre mais na imagem: Com a lente ultra-wide do moto g35, nenhum detalhe fica de fora. Ela captura exatamente o que seus olhos veem, enquadrando 4x mais.

A noite é sua: Mude para o modo Night Vision em ambientes com pouquíssima luz para revelar mais detalhes no escuro.

Maior tela inteligente com superbrilho da categoria: Dê um up no seu entretenimento com a maior tela inteligente da categoria, com superbrilho e IA, que otimiza o consumo de bateria com base no conteúdo em exibição.
1000 Nits em uma Tela de 6,7 '''' com 120 Hz² de Taxa de atualização, Resolução Full HD+ e proteção Corning® Gorilla® Glass 3.

*Exclusivo Motorola:
Imagens vibrantes com Color Boost!
O Color Boost ajusta as cores da tela de acordo com a iluminação do ambiente, melhorando a visibilidade da tela e a qualidade das cores. As áreas escuras se tornam mais claras, enquanto as cores ficam mais vibrantes.
Está com a mão molhada e precisa usar o telefone? Não se preocupe.
Com a tecnologia Smart Water Touch, a tela do celular responde ao toque ou gesto de deslizar mesmo se estiver com um pouco de água. Assim, você não passa perrengue enquanto cuida da playlist da festa na
piscina ou chama uma corrida de aplicativo na chuva.

Inteligência que turbina a performance: Aproveite seu smartphone Motorola ao máximo: faça videochamadas imersivas e experimente a velocidade 5G ultraveloz, baixando temporadas inteiras da sua série favorita
em questão de segundos. E com a inteligência artificial da Motorola, você garante um verdadeiro turbo nos seus aplicativos sempre que necessário, graças à RAM Boost Inteligente.

Bateria que dura mais de um dia: Com a superbateria de 5000 mAh desse celular, você pode curtir sua playlist por muito mais tempo, passar horas em videochamadas com os amigos e maratonar
suas séries favoritas até o último episódio.

Curadoria PANTONE: Design e acabamento incríveis!
Leve e ultrafino, o celular moto g35 pode ser usado confortavelmente com uma mão só. Escolha entre as cores grafite, com acabamento fosco, ou verde, em vegan leather, para muito mais estilo no seu dia a dia.

Sistema Operacional: Android
Memória RAM: 12GB (4GB RAM+8GB Ram Boost)
Armazenamento Total: 128 GB
Processador: Unisoc T760 (2,2 GHz Octa-Core) |Mali-G57
Tela de 6,7'''' FHD+ (1080 x 2400) | IPS | 120 Hz |1000 Nits
Bateria: 5000 mAh
Carregador: TurboPower 20W
Sensores: Acelerômetro, Proximidade, Luz Ambiente, Giroscópio, Bússola, Desbloqueio Facial e Impressão Digital na Lateral.
Peso: 188,2g
Altura (mm): 166,29
Largura (mm): 75,98
Profundidade (mm): 7,79
Entrada P2 Fone de Ouvido
Câmera Principal: 50 MP
Câmera Ultra-wide: 8 MP
Zoom Digital: 6x
Flash: Sim - LED
Recurso de Câmera: Night Vision | Câmera Lenta
Câmera Frontal: 16 MPCaptura de vídeo: Full HD (30 fps)
Conectividade: 5G
NFC
Entradas: Nano SIM (4FF), e-SIM / Entrada 1: Chip 1 / Entrada 2: SD Card
Wi-fi: 802.11 a/b/g/n/ac | 2,4 GHz e 5 GHz
Bluetooth 5.0
Serviços de Localização: GPS; Glonass; GALILEO; QZSS
Certificado de homologação Anatel: 071042400330

Conteúdo da Caixa: 01 Telefone, 01Manual, 01 Cabo USB-A / USB-C, 01 Carregador Turbo Power 20W e 01 Ferramenta de remoção do chip.
";A camera tem 50 megapixels;A câmera do seu dispositivo possui 50 megapixels.;Qwen2.5-0.5B-Instruct-Q5_K_M.gguf;0.19354838709677424;5;Quantos Megapixel tem a camera?
MLB40213468;"Câmera com IA e vídeos em 4K: Tire fotos mesmo em ambientes com pouca luz usando a câmera de 50 MP com IA do novo celular moto g35 5G.
Você também pode gravar vídeos supernítidos em 4K e tirar selfies de milhões com a câmera frontal de 16 MP.


Definição e detalhes a qualquer hora do dia: Todo mundo pode ficar bem na foto. Com a câmera de 50 MP com IA e tecnologia Quad Pixel desse smartphone,
seus cliques saem lindos e cheios de detalhes.

Único da categoria Gravações em 4K: Grave vídeos supernítidos em 4K com esse celular Motorola. Com 4x mais resolução do que os vídeos em 1080p, eles ficam perfeitos para telas grandes.

Enquadre mais na imagem: Com a lente ultra-wide do moto g35, nenhum detalhe fica de fora. Ela captura exatamente o que seus olhos veem, enquadrando 4x mais.

A noite é sua: Mude para o modo Night Vision em ambientes com pouquíssima luz para revelar mais detalhes no escuro.

Maior tela inteligente com superbrilho da categoria: Dê um up no seu entretenimento com a maior tela inteligente da categoria, com superbrilho e IA, que otimiza o consumo de bateria com base no conteúdo em exibição.
1000 Nits em uma Tela de 6,7 '''' com 120 Hz² de Taxa de atualização, Resolução Full HD+ e proteção Corning® Gorilla® Glass 3.

*Exclusivo Motorola:
Imagens vibrantes com Color Boost!
O Color Boost ajusta as cores da tela de acordo com a iluminação do ambiente, melhorando a visibilidade da tela e a qualidade das cores. As áreas escuras se tornam mais claras, enquanto as cores ficam mais vibrantes.
Está com a mão molhada e precisa usar o telefone? Não se preocupe.
Com a tecnologia Smart Water Touch, a tela do celular responde ao toque ou gesto de deslizar mesmo se estiver com um pouco de água. Assim, você não passa perrengue enquanto cuida da playlist da festa na
piscina ou chama uma corrida de aplicativo na chuva.

Inteligência que turbina a performance: Aproveite seu smartphone Motorola ao máximo: faça videochamadas imersivas e experimente a velocidade 5G ultraveloz, baixando temporadas inteiras da sua série favorita
em questão de segundos. E com a inteligência artificial da Motorola, você garante um verdadeiro turbo nos seus aplicativos sempre que necessário, graças à RAM Boost Inteligente.

Bateria que dura mais de um dia: Com a superbateria de 5000 mAh desse celular, você pode curtir sua playlist por muito mais tempo, passar horas em videochamadas com os amigos e maratonar
suas séries favoritas até o último episódio.

Curadoria PANTONE: Design e acabamento incríveis!
Leve e ultrafino, o celular moto g35 pode ser usado confortavelmente com uma mão só. Escolha entre as cores grafite, com acabamento fosco, ou verde, em vegan leather, para muito mais estilo no seu dia a dia.

Sistema Operacional: Android
Memória RAM: 12GB (4GB RAM+8GB Ram Boost)
Armazenamento Total: 128 GB
Processador: Unisoc T760 (2,2 GHz Octa-Core) |Mali-G57
Tela de 6,7'''' FHD+ (1080 x 2400) | IPS | 120 Hz |1000 Nits
Bateria: 5000 mAh
Carregador: TurboPower 20W
Sensores: Acelerômetro, Proximidade, Luz Ambiente, Giroscópio, Bússola, Desbloqueio Facial e Impressão Digital na Lateral.
Peso: 188,2g
Altura (mm): 166,29
Largura (mm): 75,98
Profundidade (mm): 7,79
Entrada P2 Fone de Ouvido
Câmera Principal: 50 MP
Câmera Ultra-wide: 8 MP
Zoom Digital: 6x
Flash: Sim - LED
Recurso de Câmera: Night Vision | Câmera Lenta
Câmera Frontal: 16 MPCaptura de vídeo: Full HD (30 fps)
Conectividade: 5G
NFC
Entradas: Nano SIM (4FF), e-SIM / Entrada 1: Chip 1 / Entrada 2: SD Card
Wi-fi: 802.11 a/b/g/n/ac | 2,4 GHz e 5 GHz
Bluetooth 5.0
Serviços de Localização: GPS; Glonass; GALILEO; QZSS
Certificado de homologação Anatel: 071042400330

Conteúdo da Caixa: 01 Telefone, 01Manual, 01 Cabo USB-A / USB-C, 01 Carregador Turbo Power 20W e 01 Ferramenta de remoção do chip.
";A camera tem 50 megapixels;A camera tem 50 megapixels.;Qwen2.5-0.5B-Instruct-Q5_K_M.gguf;0.962962962962963;9;Quantos Megapixels tem a camera?
MLB40213468;"Câmera com IA e vídeos em 4K: Tire fotos mesmo em ambientes com pouca luz usando a câmera de 50 MP com IA do novo celular moto g35 5G.
Você também pode gravar vídeos supernítidos em 4K e tirar selfies de milhões com a câmera frontal de 16 MP.


Definição e detalhes a qualquer hora do dia: Todo mundo pode ficar bem na foto. Com a câmera de 50 MP com IA e tecnologia Quad Pixel desse smartphone,
seus cliques saem lindos e cheios de detalhes.

Único da categoria Gravações em 4K: Grave vídeos supernítidos em 4K com esse celular Motorola. Com 4x mais resolução do que os vídeos em 1080p, eles ficam perfeitos para telas grandes.

Enquadre mais na imagem: Com a lente ultra-wide do moto g35, nenhum detalhe fica de fora. Ela captura exatamente o que seus olhos veem, enquadrando 4x mais.

A noite é sua: Mude para o modo Night Vision em ambientes com pouquíssima luz para revelar mais detalhes no escuro.

Maior tela inteligente com superbrilho da categoria: Dê um up no seu entretenimento com a maior tela inteligente da categoria, com superbrilho e IA, que otimiza o consumo de bateria com base no conteúdo em exibição.
1000 Nits em uma Tela de 6,7 '''' com 120 Hz² de Taxa de atualização, Resolução Full HD+ e proteção Corning® Gorilla® Glass 3.

*Exclusivo Motorola:
Imagens vibrantes com Color Boost!
O Color Boost ajusta as cores da tela de acordo com a iluminação do ambiente, melhorando a visibilidade da tela e a qualidade das cores. As áreas escuras se tornam mais claras, enquanto as cores ficam mais vibrantes.
Está com a mão molhada e precisa usar o telefone? Não se preocupe.
Com a tecnologia Smart Water Touch, a tela do celular responde ao toque ou gesto de deslizar mesmo se estiver com um pouco de água. Assim, você não passa perrengue enquanto cuida da playlist da festa na
piscina ou chama uma corrida de aplicativo na chuva.

Inteligência que turbina a performance: Aproveite seu smartphone Motorola ao máximo: faça videochamadas imersivas e experimente a velocidade 5G ultraveloz, baixando temporadas inteiras da sua série favorita
em questão de segundos. E com a inteligência artificial da Motorola, você garante um verdadeiro turbo nos seus aplicativos sempre que necessário, graças à RAM Boost Inteligente.

Bateria que dura mais de um dia: Com a superbateria de 5000 mAh desse celular, você pode curtir sua playlist por muito mais tempo, passar horas em videochamadas com os amigos e maratonar
suas séries favoritas até o último episódio.

Curadoria PANTONE: Design e acabamento incríveis!
Leve e ultrafino, o celular moto g35 pode ser usado confortavelmente com uma mão só. Escolha entre as cores grafite, com acabamento fosco, ou verde, em vegan leather, para muito mais estilo no seu dia a dia.

Sistema Operacional: Android
Memória RAM: 12GB (4GB RAM+8GB Ram Boost)
Armazenamento Total: 128 GB
Processador: Unisoc T760 (2,2 GHz Octa-Core) |Mali-G57
Tela de 6,7'''' FHD+ (1080 x 2400) | IPS | 120 Hz |1000 Nits
Bateria: 5000 mAh
Carregador: TurboPower 20W
Sensores: Acelerômetro, Proximidade, Luz Ambiente, Giroscópio, Bússola, Desbloqueio Facial e Impressão Digital na Lateral.
Peso: 188,2g
Altura (mm): 166,29
Largura (mm): 75,98
Profundidade (mm): 7,79
Entrada P2 Fone de Ouvido
Câmera Principal: 50 MP
Câmera Ultra-wide: 8 MP
Zoom Digital: 6x
Flash: Sim - LED
Recurso de Câmera: Night Vision | Câmera Lenta
Câmera Frontal: 16 MPCaptura de vídeo: Full HD (30 fps)
Conectividade: 5G
NFC
Entradas: Nano SIM (4FF), e-SIM / Entrada 1: Chip 1 / Entrada 2: SD Card
Wi-fi: 802.11 a/b/g/n/ac | 2,4 GHz e 5 GHz
Bluetooth 5.0
Serviços de Localização: GPS; Glonass; GALILEO; QZSS
Certificado de homologação Anatel: 071042400330

Conteúdo da Caixa: 01 Telefone, 01Manual, 01 Cabo USB-A / USB-C, 01 Carregador Turbo Power 20W e 01 Ferramenta de remoção do chip.
";A camera tem 50 megapixels;A camera tem 50 Megapixels.;Qwen2.5-0.5B-Instruct-Q5_K_M.gguf;0.93548486846677424;6;Quantos Megapixel tem a camera?
MLB40213468;"Câmera com IA e vídeos em 4K: Tire fotos mesmo em ambientes com pouca luz usando a câmera de 50 MP com IA do novo celular moto g35 5G.
Você também pode gravar vídeos supernítidos em 4K e tirar selfies de milhões com a câmera frontal de 16 MP.


Definição e detalhes a qualquer hora do dia: Todo mundo pode ficar bem na foto. Com a câmera de 50 MP com IA e tecnologia Quad Pixel desse smartphone,
seus cliques saem lindos e cheios de detalhes.

Único da categoria Gravações em 4K: Grave vídeos supernítidos em 4K com esse celular Motorola. Com 4x mais resolução do que os vídeos em 1080p, eles ficam perfeitos para telas grandes.

Enquadre mais na imagem: Com a lente ultra-wide do moto g35, nenhum detalhe fica de fora. Ela captura exatamente o que seus olhos veem, enquadrando 4x mais.

A noite é sua: Mude para o modo Night Vision em ambientes com pouquíssima luz para revelar mais detalhes no escuro.

Maior tela inteligente com superbrilho da categoria: Dê um up no seu entretenimento com a maior tela inteligente da categoria, com superbrilho e IA, que otimiza o consumo de bateria com base no conteúdo em exibição.
1000 Nits em uma Tela de 6,7 '''' com 120 Hz² de Taxa de atualização, Resolução Full HD+ e proteção Corning® Gorilla® Glass 3.

*Exclusivo Motorola:
Imagens vibrantes com Color Boost!
O Color Boost ajusta as cores da tela de acordo com a iluminação do ambiente, melhorando a visibilidade da tela e a qualidade das cores. As áreas escuras se tornam mais claras, enquanto as cores ficam mais vibrantes.
Está com a mão molhada e precisa usar o telefone? Não se preocupe.
Com a tecnologia Smart Water Touch, a tela do celular responde ao toque ou gesto de deslizar mesmo se estiver com um pouco de água. Assim, você não passa perrengue enquanto cuida da playlist da festa na
piscina ou chama uma corrida de aplicativo na chuva.

Inteligência que turbina a performance: Aproveite seu smartphone Motorola ao máximo: faça videochamadas imersivas e experimente a velocidade 5G ultraveloz, baixando temporadas inteiras da sua série favorita
em questão de segundos. E com a inteligência artificial da Motorola, você garante um verdadeiro turbo nos seus aplicativos sempre que necessário, graças à RAM Boost Inteligente.

Bateria que dura mais de um dia: Com a superbateria de 5000 mAh desse celular, você pode curtir sua playlist por muito mais tempo, passar horas em videochamadas com os amigos e maratonar
suas séries favoritas até o último episódio.

Curadoria PANTONE: Design e acabamento incríveis!
Leve e ultrafino, o celular moto g35 pode ser usado confortavelmente com uma mão só. Escolha entre as cores grafite, com acabamento fosco, ou verde, em vegan leather, para muito mais estilo no seu dia a dia.

Sistema Operacional: Android
Memória RAM: 12GB (4GB RAM+8GB Ram Boost)
Armazenamento Total: 128 GB
Processador: Unisoc T760 (2,2 GHz Octa-Core) |Mali-G57
Tela de 6,7'''' FHD+ (1080 x 2400) | IPS | 120 Hz |1000 Nits
Bateria: 5000 mAh
Carregador: TurboPower 20W
Sensores: Acelerômetro, Proximidade, Luz Ambiente, Giroscópio, Bússola, Desbloqueio Facial e Impressão Digital na Lateral.
Peso: 188,2g
Altura (mm): 166,29
Largura (mm): 75,98
Profundidade (mm): 7,79
Entrada P2 Fone de Ouvido
Câmera Principal: 50 MP
Câmera Ultra-wide: 8 MP
Zoom Digital: 6x
Flash: Sim - LED
Recurso de Câmera: Night Vision | Câmera Lenta
Câmera Frontal: 16 MPCaptura de vídeo: Full HD (30 fps)
Conectividade: 5G
NFC
Entradas: Nano SIM (4FF), e-SIM / Entrada 1: Chip 1 / Entrada 2: SD Card
Wi-fi: 802.11 a/b/g/n/ac | 2,4 GHz e 5 GHz
Bluetooth 5.0
Serviços de Localização: GPS; Glonass; GALILEO; QZSS
Certificado de homologação Anatel: 071042400330

Conteúdo da Caixa: 01 Telefone, 01Manual, 01 Cabo USB-A / USB-C, 01 Carregador Turbo Power 20W e 01 Ferramenta de remoção do chip.
";A camera tem 50 megapixels;A camera tem 50 Megapixels.;Qwen2.5-0.5B-Instruct-Q5_K_M.gguf;0.95483000009677424;7;Quantos Megapixel tem a camera?
MLB40213468;"Câmera com IA e vídeos em 4K: Tire fotos mesmo em ambientes com pouca luz usando a câmera de 50 MP com IA do novo celular moto g35 5G.
Você também pode gravar vídeos supernítidos em 4K e tirar selfies de milhões com a câmera frontal de 16 MP.


Definição e detalhes a qualquer hora do dia: Todo mundo pode ficar bem na foto. Com a câmera de 50 MP com IA e tecnologia Quad Pixel desse smartphone,
seus cliques saem lindos e cheios de detalhes.

Único da categoria Gravações em 4K: Grave vídeos supernítidos em 4K com esse celular Motorola. Com 4x mais resolução do que os vídeos em 1080p, eles ficam perfeitos para telas grandes.

Enquadre mais na imagem: Com a lente ultra-wide do moto g35, nenhum detalhe fica de fora. Ela captura exatamente o que seus olhos veem, enquadrando 4x mais.

A noite é sua: Mude para o modo Night Vision em ambientes com pouquíssima luz para revelar mais detalhes no escuro.

Maior tela inteligente com superbrilho da categoria: Dê um up no seu entretenimento com a maior tela inteligente da categoria, com superbrilho e IA, que otimiza o consumo de bateria com base no conteúdo em exibição.
1000 Nits em uma Tela de 6,7 '''' com 120 Hz² de Taxa de atualização, Resolução Full HD+ e proteção Corning® Gorilla® Glass 3.

*Exclusivo Motorola:
Imagens vibrantes com Color Boost!
O Color Boost ajusta as cores da tela de acordo com a iluminação do ambiente, melhorando a visibilidade da tela e a qualidade das cores. As áreas escuras se tornam mais claras, enquanto as cores ficam mais vibrantes.
Está com a mão molhada e precisa usar o telefone? Não se preocupe.
Com a tecnologia Smart Water Touch, a tela do celular responde ao toque ou gesto de deslizar mesmo se estiver com um pouco de água. Assim, você não passa perrengue enquanto cuida da playlist da festa na
piscina ou chama uma corrida de aplicativo na chuva.

Inteligência que turbina a performance: Aproveite seu smartphone Motorola ao máximo: faça videochamadas imersivas e experimente a velocidade 5G ultraveloz, baixando temporadas inteiras da sua série favorita
em questão de segundos. E com a inteligência artificial da Motorola, você garante um verdadeiro turbo nos seus aplicativos sempre que necessário, graças à RAM Boost Inteligente.

Bateria que dura mais de um dia: Com a superbateria de 5000 mAh desse celular, você pode curtir sua playlist por muito mais tempo, passar horas em videochamadas com os amigos e maratonar
suas séries favoritas até o último episódio.

Curadoria PANTONE: Design e acabamento incríveis!
Leve e ultrafino, o celular moto g35 pode ser usado confortavelmente com uma mão só. Escolha entre as cores grafite, com acabamento fosco, ou verde, em vegan leather, para muito mais estilo no seu dia a dia.

Sistema Operacional: Android
Memória RAM: 12GB (4GB RAM+8GB Ram Boost)
Armazenamento Total: 128 GB
Processador: Unisoc T760 (2,2 GHz Octa-Core) |Mali-G57
Tela de 6,7'''' FHD+ (1080 x 2400) | IPS | 120 Hz |1000 Nits
Bateria: 5000 mAh
Carregador: TurboPower 20W
Sensores: Acelerômetro, Proximidade, Luz Ambiente, Giroscópio, Bússola, Desbloqueio Facial e Impressão Digital na Lateral.
Peso: 188,2g
Altura (mm): 166,29
Largura (mm): 75,98
Profundidade (mm): 7,79
Entrada P2 Fone de Ouvido
Câmera Principal: 50 MP
Câmera Ultra-wide: 8 MP
Zoom Digital: 6x
Flash: Sim - LED
Recurso de Câmera: Night Vision | Câmera Lenta
Câmera Frontal: 16 MPCaptura de vídeo: Full HD (30 fps)
Conectividade: 5G
NFC
Entradas: Nano SIM (4FF), e-SIM / Entrada 1: Chip 1 / Entrada 2: SD Card
Wi-fi: 802.11 a/b/g/n/ac | 2,4 GHz e 5 GHz
Bluetooth 5.0
Serviços de Localização: GPS; Glonass; GALILEO; QZSS
Certificado de homologação Anatel: 071042400330

Conteúdo da Caixa: 01 Telefone, 01Manual, 01 Cabo USB-A / USB-C, 01 Carregador Turbo Power 20W e 01 Ferramenta de remoção do chip.
";A camera tem 50 megapixels;A camera tem 50 MP.;Qwen2.5-0.5B-Instruct-Q5_K_M.gguf;0.9354838709677424;8;Quantos Megapixel tem a camera?
MLB40213468;"Câmera com IA e vídeos em 4K: Tire fotos mesmo em ambientes com pouca luz usando a câmera de 50 MP com IA do novo celular moto g35 5G.
Você também pode gravar vídeos supernítidos em 4K e tirar selfies de milhões com a câmera frontal de 16 MP.


Definição e detalhes a qualquer hora do dia: Todo mundo pode ficar bem na foto. Com a câmera de 50 MP com IA e tecnologia Quad Pixel desse smartphone,
seus cliques saem lindos e cheios de detalhes.

Único da categoria Gravações em 4K: Grave vídeos supernítidos em 4K com esse celular Motorola. Com 4x mais resolução do que os vídeos em 1080p, eles ficam perfeitos para telas grandes.

Enquadre mais na imagem: Com a lente ultra-wide do moto g35, nenhum detalhe fica de fora. Ela captura exatamente o que seus olhos veem, enquadrando 4x mais.

A noite é sua: Mude para o modo Night Vision em ambientes com pouquíssima luz para revelar mais detalhes no escuro.

Maior tela inteligente com superbrilho da categoria: Dê um up no seu entretenimento com a maior tela inteligente da categoria, com superbrilho e IA, que otimiza o consumo de bateria com base no conteúdo em exibição.
1000 Nits em uma Tela de 6,7 '''' com 120 Hz² de Taxa de atualização, Resolução Full HD+ e proteção Corning® Gorilla® Glass 3.

*Exclusivo Motorola:
Imagens vibrantes com Color Boost!
O Color Boost ajusta as cores da tela de acordo com a iluminação do ambiente, melhorando a visibilidade da tela e a qualidade das cores. As áreas escuras se tornam mais claras, enquanto as cores ficam mais vibrantes.
Está com a mão molhada e precisa usar o telefone? Não se preocupe.
Com a tecnologia Smart Water Touch, a tela do celular responde ao toque ou gesto de deslizar mesmo se estiver com um pouco de água. Assim, você não passa perrengue enquanto cuida da playlist da festa na
piscina ou chama uma corrida de aplicativo na chuva.

Inteligência que turbina a performance: Aproveite seu smartphone Motorola ao máximo: faça videochamadas imersivas e experimente a velocidade 5G ultraveloz, baixando temporadas inteiras da sua série favorita
em questão de segundos. E com a inteligência artificial da Motorola, você garante um verdadeiro turbo nos seus aplicativos sempre que necessário, graças à RAM Boost Inteligente.

Bateria que dura mais de um dia: Com a superbateria de 5000 mAh desse celular, você pode curtir sua playlist por muito mais tempo, passar horas em videochamadas com os amigos e maratonar
suas séries favoritas até o último episódio.

Curadoria PANTONE: Design e acabamento incríveis!
Leve e ultrafino, o celular moto g35 pode ser usado confortavelmente com uma mão só. Escolha entre as cores grafite, com acabamento fosco, ou verde, em vegan leather, para muito mais estilo no seu dia a dia.

Sistema Operacional: Android
Memória RAM: 12GB (4GB RAM+8GB Ram Boost)
Armazenamento Total: 128 GB
Processador: Unisoc T760 (2,2 GHz Octa-Core) |Mali-G57
Tela de 6,7'''' FHD+ (1080 x 2400) | IPS | 120 Hz |1000 Nits
Bateria: 5000 mAh
Carregador: TurboPower 20W
Sensores: Acelerômetro, Proximidade, Luz Ambiente, Giroscópio, Bússola, Desbloqueio Facial e Impressão Digital na Lateral.
Peso: 188,2g
Altura (mm): 166,29
Largura (mm): 75,98
Profundidade (mm): 7,79
Entrada P2 Fone de Ouvido
Câmera Principal: 50 MP
Câmera Ultra-wide: 8 MP
Zoom Digital: 6x
Flash: Sim - LED
Recurso de Câmera: Night Vision | Câmera Lenta
Câmera Frontal: 16 MPCaptura de vídeo: Full HD (30 fps)
Conectividade: 5G
NFC
Entradas: Nano SIM (4FF), e-SIM / Entrada 1: Chip 1 / Entrada 2: SD Card
Wi-fi: 802.11 a/b/g/n/ac | 2,4 GHz e 5 GHz
Bluetooth 5.0
Serviços de Localização: GPS; Glonass; GALILEO; QZSS
Certificado de homologação Anatel: 071042400330

Conteúdo da Caixa: 01 Telefone, 01Manual, 01 Cabo USB-A / USB-C, 01 Carregador Turbo Power 20W e 01 Ferramenta de remoção do chip.
";A camera tem 50 megapixels;A câmera principal tem 50 MP e a câmera frontal tem 16 MP.;gpt-4o-mini;0.3275862068965517;10;Quantos Megapixels tem a camera?
MLB40213468;"Câmera com IA e vídeos em 4K: Tire fotos mesmo em ambientes com pouca luz usando a câmera de 50 MP com IA do novo celular moto g35 5G.
Você também pode gravar vídeos supernítidos em 4K e tirar selfies de milhões com a câmera frontal de 16 MP.


Definição e detalhes a qualquer hora do dia: Todo mundo pode ficar bem na foto. Com a câmera de 50 MP com IA e tecnologia Quad Pixel desse smartphone,
seus cliques saem lindos e cheios de detalhes.

Único da categoria Gravações em 4K: Grave vídeos supernítidos em 4K com esse celular Motorola. Com 4x mais resolução do que os vídeos em 1080p, eles ficam perfeitos para telas grandes.

Enquadre mais na imagem: Com a lente ultra-wide do moto g35, nenhum detalhe fica de fora. Ela captura exatamente o que seus olhos veem, enquadrando 4x mais.

A noite é sua: Mude para o modo Night Vision em ambientes com pouquíssima luz para revelar mais detalhes no escuro.

Maior tela inteligente com superbrilho da categoria: Dê um up no seu entretenimento com a maior tela inteligente da categoria, com superbrilho e IA, que otimiza o consumo de bateria com base no conteúdo em exibição.
1000 Nits em uma Tela de 6,7 '''' com 120 Hz² de Taxa de atualização, Resolução Full HD+ e proteção Corning® Gorilla® Glass 3.

*Exclusivo Motorola:
Imagens vibrantes com Color Boost!
O Color Boost ajusta as cores da tela de acordo com a iluminação do ambiente, melhorando a visibilidade da tela e a qualidade das cores. As áreas escuras se tornam mais claras, enquanto as cores ficam mais vibrantes.
Está com a mão molhada e precisa usar o telefone? Não se preocupe.
Com a tecnologia Smart Water Touch, a tela do celular responde ao toque ou gesto de deslizar mesmo se estiver com um pouco de água. Assim, você não passa perrengue enquanto cuida da playlist da festa na
piscina ou chama uma corrida de aplicativo na chuva.

Inteligência que turbina a performance: Aproveite seu smartphone Motorola ao máximo: faça videochamadas imersivas e experimente a velocidade 5G ultraveloz, baixando temporadas inteiras da sua série favorita
em questão de segundos. E com a inteligência artificial da Motorola, você garante um verdadeiro turbo nos seus aplicativos sempre que necessário, graças à RAM Boost Inteligente.

Bateria que dura mais de um dia: Com a superbateria de 5000 mAh desse celular, você pode curtir sua playlist por muito mais tempo, passar horas em videochamadas com os amigos e maratonar
suas séries favoritas até o último episódio.

Curadoria PANTONE: Design e acabamento incríveis!
Leve e ultrafino, o celular moto g35 pode ser usado confortavelmente com uma mão só. Escolha entre as cores grafite, com acabamento fosco, ou verde, em vegan leather, para muito mais estilo no seu dia a dia.

Sistema Operacional: Android
Memória RAM: 12GB (4GB RAM+8GB Ram Boost)
Armazenamento Total: 128 GB
Processador: Unisoc T760 (2,2 GHz Octa-Core) |Mali-G57
Tela de 6,7'''' FHD+ (1080 x 2400) | IPS | 120 Hz |1000 Nits
Bateria: 5000 mAh
Carregador: TurboPower 20W
Sensores: Acelerômetro, Proximidade, Luz Ambiente, Giroscópio, Bússola, Desbloqueio Facial e Impressão Digital na Lateral.
Peso: 188,2g
Altura (mm): 166,29
Largura (mm): 75,98
Profundidade (mm): 7,79
Entrada P2 Fone de Ouvido
Câmera Principal: 50 MP
Câmera Ultra-wide: 8 MP
Zoom Digital: 6x
Flash: Sim - LED
Recurso de Câmera: Night Vision | Câmera Lenta
Câmera Frontal: 16 MPCaptura de vídeo: Full HD (30 fps)
Conectividade: 5G
NFC
Entradas: Nano SIM (4FF), e-SIM / Entrada 1: Chip 1 / Entrada 2: SD Card
Wi-fi: 802.11 a/b/g/n/ac | 2,4 GHz e 5 GHz
Bluetooth 5.0
Serviços de Localização: GPS; Glonass; GALILEO; QZSS
Certificado de homologação Anatel: 071042400330

Conteúdo da Caixa: 01 Telefone, 01Manual, 01 Cabo USB-A / USB-C, 01 Carregador Turbo Power 20W e 01 Ferramenta de remoção do chip.
";A camera tem 50 megapixels;A câmera principal tem 50 MP e a frontal, 16 MP.;gpt-4o-mini;0.375;11;Quantos Megapixels tem a camera?
